"","D_0__Bacteria.D_1__Actinobacteria.D_2__Actinobacteria.D_3__Actinomycetales.D_4__Actinomycetaceae.D_5__Flaviflexus","D_0__Bacteria.D_1__Actinobacteria.D_2__Actinobacteria.D_3__Corynebacteriales.D_4__Corynebacteriaceae.D_5__Corynebacterium.1","D_0__Bacteria.D_1__Actinobacteria.D_2__Actinobacteria.D_3__Corynebacteriales.D_4__Corynebacteriaceae.__","D_0__Bacteria.D_1__Actinobacteria.D_2__Actinobacteria.D_3__Micrococcales.D_4__Bogoriellaceae.D_5__Georgenia","D_0__Bacteria.D_1__Actinobacteria.D_2__Actinobacteria.D_3__Micrococcales.D_4__Bogoriellaceae.__","D_0__Bacteria.D_1__Actinobacteria.D_2__Actinobacteria.D_3__Micrococcales.D_4__Brevibacteriaceae.D_5__Brevibacterium","D_0__Bacteria.D_1__Actinobacteria.D_2__Actinobacteria.D_3__Micrococcales.D_4__Dermabacteraceae.D_5__Brachybacterium","D_0__Bacteria.D_1__Actinobacteria.D_2__Actinobacteria.D_3__Micrococcales.D_4__Intrasporangiaceae.__","D_0__Bacteria.D_1__Actinobacteria.D_2__Actinobacteria.D_3__Micrococcales.D_4__Micrococcaceae.D_5__Citricoccus","D_0__Bacteria.D_1__Actinobacteria.D_2__Actinobacteria.D_3__Micrococcales.D_4__Micrococcaceae.D_5__Enteractinococcus","D_0__Bacteria.D_1__Actinobacteria.D_2__Actinobacteria.D_3__Micrococcales.D_4__Micrococcaceae.D_5__Glutamicibacter","D_0__Bacteria.D_1__Actinobacteria.D_2__Actinobacteria.D_3__Micrococcales.D_4__Micrococcaceae.__","D_0__Bacteria.D_1__Actinobacteria.D_2__Actinobacteria.D_3__Micrococcales.D_4__Promicromonosporaceae.D_5__Cellulosimicrobium","D_0__Bacteria.D_1__Actinobacteria.D_2__Actinobacteria.D_3__Micrococcales.__.__","D_0__Bacteria.D_1__Actinobacteria.D_2__Actinobacteria.D_3__Propionibacteriales.D_4__Nocardioidaceae.D_5__Nocardioides","D_0__Bacteria.D_1__Actinobacteria.D_2__Actinobacteria.D_3__Propionibacteriales.D_4__Propionibacteriaceae.D_5__Cutibacterium","D_0__Bacteria.D_1__Bacteroidetes.D_2__Bacteroidia.D_3__Bacteroidales.D_4__Bacteroidaceae.D_5__Bacteroides","D_0__Bacteria.D_1__Bacteroidetes.D_2__Bacteroidia.D_3__Bacteroidales.D_4__Dysgonomonadaceae.D_5__Dysgonomonas","D_0__Bacteria.D_1__Bacteroidetes.D_2__Bacteroidia.D_3__Flavobacteriales.D_4__Weeksellaceae.D_5__Chryseobacterium","D_0__Bacteria.D_1__Bacteroidetes.D_2__Bacteroidia.D_3__Sphingobacteriales.D_4__Sphingobacteriaceae.D_5__Pedobacter","D_0__Bacteria.D_1__Chloroflexi.D_2__Chloroflexia.D_3__Thermomicrobiales.D_4__JG30.KF.CM45.Ambiguous_taxa","D_0__Bacteria.D_1__Cyanobacteria.D_2__Oxyphotobacteria.D_3__Chloroplast.__.__","D_0__Bacteria.D_1__Deinococcus.Thermus.D_2__Deinococci.D_3__Deinococcales.D_4__Deinococcaceae.D_5__Deinococcus","D_0__Bacteria.D_1__Deinococcus.Thermus.D_2__Deinococci.D_3__Deinococcales.D_4__Trueperaceae.D_5__Truepera","D_0__Bacteria.D_1__Firmicutes.D_2__Bacilli.D_3__Bacillales.D_4__Bacillaceae.D_5__Bacillus","D_0__Bacteria.D_1__Firmicutes.D_2__Bacilli.D_3__Bacillales.D_4__Bacillaceae.D_5__Gracilibacillus","D_0__Bacteria.D_1__Firmicutes.D_2__Bacilli.D_3__Bacillales.D_4__Bacillaceae.D_5__Lentibacillus","D_0__Bacteria.D_1__Firmicutes.D_2__Bacilli.D_3__Bacillales.D_4__Bacillaceae.D_5__Natribacillus","D_0__Bacteria.D_1__Firmicutes.D_2__Bacilli.D_3__Bacillales.D_4__Bacillaceae.D_5__Oceanobacillus","D_0__Bacteria.D_1__Firmicutes.D_2__Bacilli.D_3__Bacillales.D_4__Bacillaceae.D_5__Virgibacillus","D_0__Bacteria.D_1__Firmicutes.D_2__Bacilli.D_3__Bacillales.D_4__Bacillaceae.D_5__uncultured","D_0__Bacteria.D_1__Firmicutes.D_2__Bacilli.D_3__Bacillales.D_4__Bacillaceae.__","D_0__Bacteria.D_1__Firmicutes.D_2__Bacilli.D_3__Bacillales.D_4__Listeriaceae.D_5__Listeria","D_0__Bacteria.D_1__Firmicutes.D_2__Bacilli.D_3__Bacillales.D_4__Paenibacillaceae.D_5__Paenibacillus","D_0__Bacteria.D_1__Firmicutes.D_2__Bacilli.D_3__Bacillales.D_4__Paenibacillaceae.__","D_0__Bacteria.D_1__Firmicutes.D_2__Bacilli.D_3__Bacillales.D_4__Planococcaceae.D_5__Lysinibacillus","D_0__Bacteria.D_1__Firmicutes.D_2__Bacilli.D_3__Bacillales.D_4__Staphylococcaceae.D_5__Staphylococcus","D_0__Bacteria.D_1__Firmicutes.D_2__Bacilli.D_3__Bacillales.__.__","D_0__Bacteria.D_1__Firmicutes.D_2__Bacilli.D_3__Lactobacillales.D_4__Aerococcaceae.D_5__Aerococcus","D_0__Bacteria.D_1__Firmicutes.D_2__Bacilli.D_3__Lactobacillales.D_4__Aerococcaceae.D_5__Facklamia","D_0__Bacteria.D_1__Firmicutes.D_2__Bacilli.D_3__Lactobacillales.D_4__Carnobacteriaceae.D_5__Atopostipes","D_0__Bacteria.D_1__Firmicutes.D_2__Bacilli.D_3__Lactobacillales.D_4__Carnobacteriaceae.D_5__Marinilactibacillus","D_0__Bacteria.D_1__Firmicutes.D_2__Bacilli.D_3__Lactobacillales.D_4__Carnobacteriaceae.D_5__uncultured","D_0__Bacteria.D_1__Firmicutes.D_2__Bacilli.D_3__Lactobacillales.D_4__Carnobacteriaceae.__","D_0__Bacteria.D_1__Firmicutes.D_2__Bacilli.D_3__Lactobacillales.D_4__Enterococcaceae.D_5__Enterococcus","D_0__Bacteria.D_1__Firmicutes.D_2__Bacilli.D_3__Lactobacillales.D_4__Enterococcaceae.D_5__Tetragenococcus","D_0__Bacteria.D_1__Firmicutes.D_2__Bacilli.D_3__Lactobacillales.D_4__Enterococcaceae.__","D_0__Bacteria.D_1__Firmicutes.D_2__Bacilli.D_3__Lactobacillales.D_4__Lactobacillaceae.D_5__Lactobacillus","D_0__Bacteria.D_1__Firmicutes.D_2__Bacilli.D_3__Lactobacillales.D_4__Leuconostocaceae.D_5__Weissella","D_0__Bacteria.D_1__Firmicutes.D_2__Bacilli.D_3__Lactobacillales.D_4__Streptococcaceae.D_5__Lactococcus","D_0__Bacteria.D_1__Firmicutes.D_2__Bacilli.D_3__Lactobacillales.__.__","D_0__Bacteria.D_1__Firmicutes.D_2__Clostridia.D_3__Clostridiales.D_4__Clostridiaceae.1.D_5__Clostridium.sensu.stricto.5","D_0__Bacteria.D_1__Proteobacteria.D_2__Alphaproteobacteria.D_3__Caulobacterales.D_4__Caulobacteraceae.D_5__Caulobacter","D_0__Bacteria.D_1__Proteobacteria.D_2__Alphaproteobacteria.D_3__Rhizobiales.D_4__Rhizobiaceae.D_5__Allorhizobium.Neorhizobium.Pararhizobium.Rhizobium","D_0__Bacteria.D_1__Proteobacteria.D_2__Alphaproteobacteria.D_3__Rhizobiales.D_4__Rhizobiaceae.D_5__Ochrobactrum","D_0__Bacteria.D_1__Proteobacteria.D_2__Alphaproteobacteria.D_3__Rhizobiales.D_4__Rhizobiaceae.__","D_0__Bacteria.D_1__Proteobacteria.D_2__Alphaproteobacteria.D_3__Rickettsiales.D_4__Mitochondria.__","D_0__Bacteria.D_1__Proteobacteria.D_2__Alphaproteobacteria.D_3__Sphingomonadales.D_4__Sphingomonadaceae.D_5__Novosphingobium","D_0__Bacteria.D_1__Proteobacteria.D_2__Alphaproteobacteria.D_3__Sphingomonadales.D_4__Sphingomonadaceae.D_5__Sphingomonas","D_0__Bacteria.D_1__Proteobacteria.D_2__Alphaproteobacteria.D_3__Sphingomonadales.D_4__Sphingomonadaceae.__","D_0__Bacteria.D_1__Proteobacteria.D_2__Gammaproteobacteria.D_3__Betaproteobacteriales.D_4__Burkholderiaceae.D_5__Comamonas","D_0__Bacteria.D_1__Proteobacteria.D_2__Gammaproteobacteria.D_3__Betaproteobacteriales.D_4__Burkholderiaceae.D_5__Delftia","D_0__Bacteria.D_1__Proteobacteria.D_2__Gammaproteobacteria.D_3__Betaproteobacteriales.D_4__Burkholderiaceae.D_5__GKS98.freshwater.group","D_0__Bacteria.D_1__Proteobacteria.D_2__Gammaproteobacteria.D_3__Betaproteobacteriales.D_4__Burkholderiaceae.D_5__Janthinobacterium","D_0__Bacteria.D_1__Proteobacteria.D_2__Gammaproteobacteria.D_3__Betaproteobacteriales.D_4__Burkholderiaceae.D_5__Massilia","D_0__Bacteria.D_1__Proteobacteria.D_2__Gammaproteobacteria.D_3__Betaproteobacteriales.D_4__Burkholderiaceae.D_5__Ralstonia","D_0__Bacteria.D_1__Proteobacteria.D_2__Gammaproteobacteria.D_3__Betaproteobacteriales.D_4__Burkholderiaceae.D_5__Variovorax","D_0__Bacteria.D_1__Proteobacteria.D_2__Gammaproteobacteria.D_3__Enterobacteriales.D_4__Enterobacteriaceae.D_5__Escherichia.Shigella","D_0__Bacteria.D_1__Proteobacteria.D_2__Gammaproteobacteria.D_3__Enterobacteriales.D_4__Enterobacteriaceae.D_5__Pantoea","D_0__Bacteria.D_1__Proteobacteria.D_2__Gammaproteobacteria.D_3__Enterobacteriales.D_4__Enterobacteriaceae.D_5__Pectobacterium","D_0__Bacteria.D_1__Proteobacteria.D_2__Gammaproteobacteria.D_3__Enterobacteriales.D_4__Enterobacteriaceae.D_5__Salmonella","D_0__Bacteria.D_1__Proteobacteria.D_2__Gammaproteobacteria.D_3__Enterobacteriales.D_4__Enterobacteriaceae.__","D_0__Bacteria.D_1__Proteobacteria.D_2__Gammaproteobacteria.D_3__Pseudomonadales.D_4__Pseudomonadaceae.D_5__Pseudomonas","D_0__Bacteria.D_1__Proteobacteria.D_2__Gammaproteobacteria.D_3__Xanthomonadales.D_4__Xanthomonadaceae.D_5__Lysobacter","D_0__Bacteria.D_1__Proteobacteria.D_2__Gammaproteobacteria.D_3__Xanthomonadales.D_4__Xanthomonadaceae.D_5__Stenotrophomonas","D_0__Bacteria.D_1__Proteobacteria.D_2__Gammaproteobacteria.D_3__Xanthomonadales.D_4__Xanthomonadaceae.D_5__Xanthomonas","D_0__Bacteria.D_1__Proteobacteria.D_2__Gammaproteobacteria.D_3__Xanthomonadales.D_4__Xanthomonadaceae.D_5__uncultured","D_0__Bacteria.__.__.__.__.__","BarcodeSequence","LinkerPrimerSequence","Manufacturer","Flavor","Brand","TobaccoType","Plate","Description","Extraction"
"GLN-E-1",0,715,66,0,0,591,0,0,0,84,9,0,0,0,0,0,0,0,0,0,0,2722,0,0,709,0,0,0,66,0,0,0,0,0,0,0,66558,0,0,0,169,14113,0,0,0,15552,0,2598,0,0,0,0,0,0,0,0,27,0,0,0,0,0,0,0,10,0,0,0,66,0,0,29,40,0,0,0,0,0,"N701S502","CCAGCAGCYGCGGTAAN","ASC","Natural","G","MS07",2,"G LC Premium Natural","Enzymes"
"GLN-E-2",0,970,80,0,0,751,0,0,0,79,0,0,0,0,0,0,0,0,0,0,0,3353,0,0,677,0,0,0,52,0,0,0,0,0,0,0,44788,0,17,0,142,15384,0,0,0,14822,0,2441,8,0,0,0,0,0,0,0,31,0,0,0,0,0,0,0,0,0,0,0,88,0,0,14,49,0,0,0,0,0,"N701S502","CCAGCAGCYGCGGTAAN","ASC","Natural","G","MS07",2,"G LC Premium Natural","Enzymes"
"GLN-E-3",0,1386,130,0,0,1091,0,0,0,185,12,0,6,0,0,0,0,0,0,0,0,3574,0,0,1019,0,0,0,167,0,0,0,0,0,0,0,97817,0,0,0,246,23896,0,0,0,21757,0,4227,0,0,0,0,0,17,0,0,30,0,0,0,0,0,13,0,0,0,0,0,103,18,0,57,88,0,19,0,0,0,"N701S502","CCAGCAGCYGCGGTAAN","ASC","Natural","G","MS07",2,"G LC Premium Natural","Enzymes"
"GLN-L-1",0,813,100,0,0,952,0,0,13,124,0,0,0,0,0,0,0,0,0,0,0,2838,0,0,395,0,0,0,52,0,0,0,0,0,0,0,72051,0,0,0,153,18372,0,0,0,18043,0,2993,0,0,0,0,0,0,0,0,17,0,0,0,0,0,0,0,0,0,0,0,34,0,0,26,0,0,14,0,0,0,"N701S502","CCAGCAGCYGCGGTAAN","ASC","Natural","G","MS07",2,"G LC Premium Natural","Lifeguard"
"GLN-L-2",0,1082,119,0,0,824,0,0,0,140,0,0,0,0,0,0,0,0,0,0,0,2277,0,0,339,0,0,0,59,0,0,0,0,0,0,0,63587,0,0,0,135,35826,0,0,0,14087,0,3073,0,0,0,0,0,0,0,0,0,0,0,0,0,0,0,0,0,0,0,0,37,0,0,0,0,0,0,0,0,0,"N701S502","CCAGCAGCYGCGGTAAN","ASC","Natural","G","MS07",2,"G LC Premium Natural","Lifeguard"
"GLN-L-3",0,367,27,0,0,315,0,0,0,0,0,0,0,0,0,0,0,0,0,0,0,1268,0,0,145,0,0,0,0,0,0,0,0,0,0,0,19898,0,0,0,37,19343,0,0,0,4706,0,499,0,0,0,0,0,0,0,0,0,0,0,0,0,0,0,0,0,0,0,0,31,0,0,0,0,0,0,0,0,0,"N701S502","CCAGCAGCYGCGGTAAN","ASC","Natural","G","MS07",2,"G LC Premium Natural","Lifeguard"
"GLN-N-1",0,511,57,0,0,583,0,0,0,76,0,0,0,0,0,0,0,0,0,0,0,723,0,0,358,0,0,0,0,0,0,0,0,0,0,0,47227,0,0,0,88,74427,0,0,0,11591,0,2001,0,0,0,0,0,0,0,0,0,0,0,0,0,0,0,0,0,0,0,0,0,0,0,26,0,0,0,0,0,0,"N701S502","CCAGCAGCYGCGGTAAN","ASC","Natural","G","MS07",2,"G LC Premium Natural","Base"
"GLN-N-2",0,867,85,0,0,861,0,0,0,129,0,9,0,0,0,0,0,0,0,0,0,1016,0,0,448,0,0,0,80,0,0,0,0,0,0,0,69669,0,0,0,144,20089,0,0,0,15387,0,2912,0,0,0,0,0,0,0,0,0,0,0,0,0,0,0,0,0,0,0,0,48,0,0,22,0,0,0,0,0,0,"N701S502","CCAGCAGCYGCGGTAAN","ASC","Natural","G","MS07",2,"G LC Premium Natural","Base"
"GLN-N-3",0,1041,98,0,0,1009,0,0,0,122,0,15,5,0,0,0,0,0,0,0,0,1191,0,0,622,0,0,0,80,0,0,0,0,0,0,0,81823,0,0,0,178,38012,0,0,0,19996,0,3372,0,0,0,0,0,0,0,0,0,0,0,0,0,0,0,0,0,0,0,0,54,0,0,0,0,0,0,0,0,0,"N701S502","CCAGCAGCYGCGGTAAN","ASC","Natural","G","MS07",2,"G LC Premium Natural","Base"
"GLN-R-1",0,967,114,0,0,1080,26,0,0,159,0,9,0,0,0,0,0,0,0,0,0,3979,0,0,420,0,0,0,100,0,0,0,0,0,0,0,57705,0,0,0,167,32314,0,0,0,15412,0,2965,8,0,0,0,0,0,0,0,28,0,0,0,0,0,0,0,0,0,0,0,59,0,0,43,48,0,15,0,0,0,"N701S502","CCAGCAGCYGCGGTAAN","ASC","Natural","G","MS07",2,"G LC Premium Natural","RNAProtect"
"GLN-R-2",0,1491,125,18,0,1228,0,0,0,182,0,25,0,0,6,0,0,0,0,0,0,4253,0,0,541,0,0,0,131,0,0,0,0,0,0,0,77635,0,21,0,320,34424,0,0,0,19990,14,3812,0,0,0,0,0,0,0,0,20,0,0,0,0,0,0,0,0,0,0,0,90,0,0,34,184,0,0,0,0,0,"N701S502","CCAGCAGCYGCGGTAAN","ASC","Natural","G","MS07",2,"G LC Premium Natural","RNAProtect"
"GLN-R-3",0,1174,96,0,0,1050,0,0,13,142,0,0,0,0,0,0,0,0,0,0,0,4274,0,0,480,0,0,0,74,0,0,0,0,0,0,0,86485,0,0,0,237,22206,0,0,0,22162,0,3131,0,0,0,0,0,13,0,0,0,0,0,0,0,0,8,0,0,0,0,0,41,0,0,21,32,0,0,0,0,0,"N701S502","CCAGCAGCYGCGGTAAN","ASC","Natural","G","MS07",2,"G LC Premium Natural","RNAProtect"
"GSM-E-1",0,0,0,0,0,0,0,0,0,0,0,0,0,0,0,0,0,0,0,0,0,0,0,0,6298,0,0,0,0,0,0,0,10368,0,0,0,7597,0,0,0,0,0,0,0,3141,0,0,11477,0,0,0,0,0,0,0,0,0,0,0,0,0,0,0,0,0,0,0,3157,0,0,3334,0,1627,0,0,0,0,3,"N701S502","CCAGCAGCYGCGGTAAN","Zymo","SnusMatrix","M","SnusMock",1,"SM","Enzymes"
"GSM-E-2",0,0,0,0,0,0,0,0,0,0,0,0,0,0,0,0,0,0,0,0,0,0,0,0,9895,0,0,0,0,0,0,0,13328,0,0,0,10499,0,0,0,0,0,0,0,3890,0,0,16672,0,0,0,0,0,0,0,0,0,0,0,0,0,0,0,0,0,0,0,3780,0,0,4217,0,2031,0,0,0,0,0,"N701S502","CCAGCAGCYGCGGTAAN","Zymo","SnusMatrix","M","SnusMock",1,"SM","Enzymes"
"GSM-E-3",0,0,0,0,0,0,0,0,0,0,0,0,0,0,0,0,0,0,0,0,0,0,0,0,15108,0,0,0,0,0,0,0,25431,0,0,0,18977,0,0,0,0,0,0,0,7534,0,0,28850,0,0,0,0,0,0,0,0,0,0,0,0,0,0,0,0,0,0,0,8805,0,0,10344,0,4842,0,0,0,0,7,"N701S502","CCAGCAGCYGCGGTAAN","Zymo","SnusMatrix","M","SnusMock",2,"SM","Enzymes"
"GSM-E-4",0,0,0,0,0,0,0,0,0,0,0,0,0,0,0,0,0,0,0,0,0,0,0,0,22353,0,0,0,0,0,0,0,29006,0,0,0,23996,0,0,0,0,0,0,0,8163,0,0,37167,0,0,0,0,0,0,0,0,0,0,0,0,0,0,0,0,0,0,0,10014,0,0,11489,12,5253,0,0,0,0,10,"N701S502","CCAGCAGCYGCGGTAAN","Zymo","SnusMatrix","M","SnusMock",2,"SM","Enzymes"
"GSM-L-1",0,0,0,0,0,0,0,0,0,0,0,0,0,0,0,0,0,0,0,0,0,0,0,0,13100,0,0,0,0,0,0,0,9422,0,0,0,3994,0,0,0,0,0,0,0,4830,0,0,8238,0,0,0,0,0,0,0,0,0,0,0,0,0,0,0,0,0,0,0,1409,0,0,1430,0,627,0,0,0,0,6,"N701S502","CCAGCAGCYGCGGTAAN","Zymo","SnusMatrix","M","SnusMock",1,"SM","Lifeguard"
"GSM-L-2",0,0,0,0,0,0,0,0,0,0,0,0,0,0,0,0,0,0,0,0,0,0,0,0,14613,0,0,0,0,0,0,0,9282,0,0,0,3941,0,0,0,0,0,0,0,5875,0,0,11511,0,0,0,0,0,0,0,0,0,0,0,0,0,0,0,0,0,0,0,2207,0,0,2413,0,1132,0,0,0,0,6,"N701S502","CCAGCAGCYGCGGTAAN","Zymo","SnusMatrix","M","SnusMock",1,"SM","Lifeguard"
"GSM-L-3",0,0,0,0,0,0,0,0,0,0,0,0,0,0,0,0,0,0,0,0,0,0,0,0,33795,0,0,0,0,0,0,0,24310,0,0,0,11243,0,0,0,0,28,0,0,11836,0,0,22922,0,0,0,0,0,0,0,0,0,0,0,0,0,0,0,0,0,0,0,6417,0,0,7318,0,3490,0,0,0,0,5,"N701S502","CCAGCAGCYGCGGTAAN","Zymo","SnusMatrix","M","SnusMock",2,"SM","Lifeguard"
"GSM-L-4",0,0,0,0,0,0,0,0,0,0,0,0,0,0,0,0,0,0,0,0,0,0,0,0,32619,0,0,0,0,0,0,0,21570,0,0,0,8940,0,0,0,0,0,0,0,12813,0,0,26762,0,0,0,0,0,0,0,0,0,0,0,0,0,0,0,0,0,0,0,5666,0,0,6440,0,3106,0,0,0,0,8,"N701S502","CCAGCAGCYGCGGTAAN","Zymo","SnusMatrix","M","SnusMock",2,"SM","Lifeguard"
"GSM-N-1",0,0,0,0,0,0,0,0,0,0,0,0,0,0,0,0,0,0,0,0,0,0,0,0,15779,0,0,0,0,0,0,0,11480,0,0,0,4539,0,0,0,0,0,0,0,6634,0,0,14529,0,0,0,0,0,0,0,0,0,0,0,0,0,0,0,0,0,0,0,3036,0,0,3319,0,1591,0,0,0,0,0,"N701S502","CCAGCAGCYGCGGTAAN","Zymo","SnusMatrix","M","SnusMock",1,"SM","Base"
"GSM-N-2",0,0,0,0,0,0,0,0,0,0,0,0,0,0,0,0,0,0,0,0,0,0,0,0,14316,0,0,0,0,0,0,0,11980,0,0,0,4691,0,0,0,0,0,0,0,7673,0,0,11847,0,0,0,0,0,0,0,0,0,0,0,0,0,0,0,0,0,0,0,1945,0,0,2074,0,950,0,0,0,0,10,"N701S502","CCAGCAGCYGCGGTAAN","Zymo","SnusMatrix","M","SnusMock",1,"SM","Base"
"GSM-N-3",0,0,0,0,0,0,0,0,0,0,0,0,0,0,0,0,0,0,0,0,0,0,0,0,41280,0,0,0,0,0,0,0,31276,0,0,0,11791,0,0,0,0,0,0,0,18646,0,0,40030,0,0,0,0,0,0,0,0,0,0,0,0,0,0,0,0,0,0,0,7864,0,0,8588,0,4390,0,0,0,0,27,"N701S502","CCAGCAGCYGCGGTAAN","Zymo","SnusMatrix","M","SnusMock",2,"SM","Base"
"GSM-N-4",0,0,0,0,0,0,0,0,0,0,0,0,0,0,0,0,0,0,0,0,0,0,0,0,43193,0,0,0,0,0,0,0,37272,0,0,0,14405,0,0,0,0,0,0,0,23108,0,0,37464,0,0,0,0,0,0,0,0,0,0,0,0,0,0,0,0,0,0,0,6147,0,0,6903,0,3400,0,0,0,0,11,"N701S502","CCAGCAGCYGCGGTAAN","Zymo","SnusMatrix","M","SnusMock",2,"SM","Base"
"GSM-R-1",0,0,0,0,0,0,0,0,0,0,0,0,0,0,0,0,0,0,0,0,0,0,0,0,9463,0,0,0,0,0,0,0,6511,0,0,0,1820,0,0,0,0,0,0,0,3330,0,0,6593,0,0,0,0,0,0,0,0,0,0,0,0,0,0,0,0,0,0,0,2243,0,0,2460,0,1122,0,0,0,0,0,"N701S502","CCAGCAGCYGCGGTAAN","Zymo","SnusMatrix","M","SnusMock",1,"SM","RNAProtect"
"GSM-R-2",0,0,0,0,0,0,0,0,0,0,0,0,0,0,0,0,0,0,0,0,0,0,0,0,13856,0,0,0,0,0,0,0,8808,0,0,0,2605,0,0,0,0,0,0,0,4148,0,0,10662,0,0,0,0,0,0,0,0,0,0,0,0,0,0,0,0,0,0,0,2911,0,0,3151,0,1578,0,0,0,0,0,"N701S502","CCAGCAGCYGCGGTAAN","Zymo","SnusMatrix","M","SnusMock",1,"SM","RNAProtect"
"GSM-R-3",0,0,0,0,0,0,0,0,0,0,0,0,0,0,0,0,0,0,0,0,0,0,0,0,27226,0,0,0,0,0,0,0,19301,0,0,0,5564,0,0,0,0,39,0,0,9481,0,0,19316,0,0,0,0,0,0,0,0,0,0,0,0,0,0,0,0,0,0,0,7519,0,0,8426,0,3864,0,0,0,0,0,"N701S502","CCAGCAGCYGCGGTAAN","Zymo","SnusMatrix","M","SnusMock",2,"SM","RNAProtect"
"GSM-R-4",0,0,0,0,0,0,0,0,0,0,0,0,0,0,0,0,0,0,0,0,0,0,0,0,32471,0,0,0,0,0,0,0,20803,0,0,0,6233,0,0,0,0,0,0,0,9724,0,0,25455,0,0,0,0,0,0,0,0,0,0,0,0,0,0,0,0,0,0,0,8070,0,0,9299,3,4303,0,0,0,0,0,"N701S502","CCAGCAGCYGCGGTAAN","Zymo","SnusMatrix","M","SnusMock",2,"SM","RNAProtect"
"KLW-E-1",0,409,19736,0,0,0,0,0,0,111,0,0,0,1,0,0,0,0,0,0,0,25,0,0,257,0,0,0,0,0,0,0,0,0,0,0,306,0,0,0,3379,39633,0,0,0,0,0,0,0,0,0,0,0,0,0,0,0,0,0,0,0,0,0,0,0,0,0,0,0,0,0,0,0,0,0,0,0,0,"N701S502","CCAGCAGCYGCGGTAAN","Swisher","Wintergreen","Ka","MS14",2,"Ka LC Wintergreen","Enzymes"
"KLW-E-2",0,595,32877,0,0,0,0,0,0,190,0,0,0,0,0,0,0,0,0,0,0,0,11,0,360,0,365,0,415,1094,0,433,0,0,13,0,514,0,0,2,8819,69539,0,0,0,0,0,0,0,0,0,0,0,0,0,0,0,31,0,0,0,0,0,0,0,0,0,0,0,0,0,32,0,0,0,0,0,0,"N701S502","CCAGCAGCYGCGGTAAN","Swisher","Wintergreen","Ka","MS14",2,"Ka LC Wintergreen","Enzymes"
"KLW-E-3",0,681,37104,0,0,0,0,0,0,233,0,0,0,0,0,0,0,0,0,0,0,22,7,0,425,0,375,0,422,1065,0,271,0,0,0,0,627,0,30,23,9942,88599,0,0,0,0,0,0,0,0,0,0,0,0,0,0,0,0,0,0,0,0,0,0,0,0,0,0,0,0,0,44,44,7,0,0,0,0,"N701S502","CCAGCAGCYGCGGTAAN","Swisher","Wintergreen","Ka","MS14",2,"Ka LC Wintergreen","Enzymes"
"KLW-L-1",0,589,27070,0,0,0,44,0,0,218,0,0,0,0,0,0,0,0,0,0,0,0,0,0,221,0,207,0,146,429,0,123,0,0,9,0,888,0,0,0,6858,78499,0,0,0,0,0,0,0,0,0,0,0,0,0,0,0,0,0,0,0,0,0,0,0,0,0,0,0,0,0,0,0,0,0,0,0,0,"N701S502","CCAGCAGCYGCGGTAAN","Swisher","Wintergreen","Ka","MS14",2,"Ka LC Wintergreen","Lifeguard"
"KLW-L-2",0,814,33479,0,6,0,50,0,0,259,0,0,0,0,0,0,0,0,0,0,0,25,0,0,253,0,254,0,236,666,0,205,0,0,14,0,418,0,0,11,7532,92601,0,0,0,0,0,0,0,0,0,0,0,0,0,0,0,0,0,0,10,0,0,0,0,0,0,0,0,0,0,0,0,0,0,0,0,0,"N701S502","CCAGCAGCYGCGGTAAN","Swisher","Wintergreen","Ka","MS14",2,"Ka LC Wintergreen","Lifeguard"
"KLW-L-3",0,253,12687,0,0,0,0,0,0,113,0,0,0,0,0,0,0,0,0,0,0,0,0,0,100,0,143,0,78,380,0,87,0,0,0,0,351,0,8,0,2991,34411,0,0,0,0,0,0,0,0,0,0,0,0,0,0,0,0,0,0,0,0,0,0,0,0,0,0,0,0,0,0,0,0,0,0,0,0,"N701S502","CCAGCAGCYGCGGTAAN","Swisher","Wintergreen","Ka","MS14",2,"Ka LC Wintergreen","Lifeguard"
"KLW-N-1",0,1146,41656,0,0,0,53,0,0,356,0,0,0,0,0,0,0,0,0,0,0,0,0,0,358,0,140,0,121,394,0,157,0,0,0,0,696,1,0,0,6500,93677,0,0,0,0,0,0,0,0,0,0,0,0,0,0,0,0,0,0,0,0,0,0,0,0,0,0,0,0,0,0,0,0,0,0,0,0,"N701S502","CCAGCAGCYGCGGTAAN","Swisher","Wintergreen","Ka","MS14",2,"Ka LC Wintergreen","Base"
"KLW-N-2",0,785,33126,0,0,0,56,0,0,273,0,0,0,0,0,0,0,0,0,0,0,0,0,0,204,0,209,0,157,697,0,181,0,0,0,0,364,0,0,0,6226,84621,0,0,0,0,0,0,0,0,0,0,0,0,0,0,0,0,0,0,0,0,0,0,0,0,0,0,0,0,0,0,0,0,0,0,0,0,"N701S502","CCAGCAGCYGCGGTAAN","Swisher","Wintergreen","Ka","MS14",2,"Ka LC Wintergreen","Base"
"KLW-N-3",0,1043,41451,0,0,0,55,0,0,355,0,0,0,0,0,0,0,0,0,0,0,0,6,0,320,0,361,0,315,845,0,519,0,0,0,0,468,0,0,0,8571,107249,0,8,0,0,0,0,0,0,0,0,0,0,0,0,0,0,0,0,0,0,0,0,0,0,0,0,0,0,0,0,0,0,0,0,0,0,"N701S502","CCAGCAGCYGCGGTAAN","Swisher","Wintergreen","Ka","MS14",2,"Ka LC Wintergreen","Base"
"KLW-R-1",0,708,35949,0,0,25,54,0,0,312,0,0,0,0,0,0,0,0,0,0,0,0,0,0,218,0,320,0,317,826,0,310,0,0,0,0,423,0,23,11,8818,99742,0,10,0,0,0,0,0,0,0,0,0,0,0,0,0,0,0,0,0,0,0,0,0,0,0,0,0,0,0,0,0,4,0,0,0,0,"N701S502","CCAGCAGCYGCGGTAAN","Swisher","Wintergreen","Ka","MS14",2,"Ka LC Wintergreen","RNAProtect"
"KLW-R-2",0,915,38080,0,0,0,73,0,0,172,0,0,0,0,0,0,0,0,0,0,0,21,0,0,228,0,338,0,264,847,0,285,0,0,12,0,503,0,0,0,8425,95367,0,0,0,0,0,0,0,0,1,0,0,0,0,0,0,0,0,0,0,0,0,0,0,0,0,0,0,0,0,0,0,0,0,0,0,0,"N701S502","CCAGCAGCYGCGGTAAN","Swisher","Wintergreen","Ka","MS14",2,"Ka LC Wintergreen","RNAProtect"
"KLW-R-3",0,1224,45492,0,0,0,109,0,0,451,0,0,0,0,0,0,0,0,0,0,0,34,0,0,323,0,219,0,212,613,0,252,0,0,0,0,594,0,0,11,9667,115349,0,16,0,0,0,0,0,0,0,0,0,0,0,0,0,0,0,0,0,0,0,0,0,0,0,0,0,0,0,0,0,5,0,0,0,0,"N701S502","CCAGCAGCYGCGGTAAN","Swisher","Wintergreen","Ka","MS14",2,"Ka LC Wintergreen","RNAProtect"
"LLN-E-1",0,0,0,0,0,0,0,0,0,0,0,0,0,0,0,0,0,0,0,0,0,26,0,0,343,0,0,0,0,0,0,0,0,0,0,0,4407,0,0,0,0,2676,0,0,0,16942,0,0,0,0,0,0,0,0,0,0,0,0,0,0,0,0,0,0,0,0,0,0,0,0,0,0,0,0,0,0,0,0,"N701S502","CCAGCAGCYGCGGTAAN","Pinkerton","Natural","L","MS18",1,"L LC Natural","Enzymes"
"LLN-E-2",0,0,0,0,0,0,0,0,0,0,0,0,0,0,0,0,0,0,0,0,0,0,0,0,326,0,0,0,0,0,0,0,0,0,0,0,5191,0,0,0,0,3072,0,0,0,18415,0,0,0,0,0,0,0,0,0,0,0,0,0,0,0,0,0,0,0,0,0,0,0,0,0,0,0,0,0,0,0,0,"N701S502","CCAGCAGCYGCGGTAAN","Pinkerton","Natural","L","MS18",1,"L LC Natural","Enzymes"
"LLN-E-3",0,0,0,0,0,0,0,0,0,0,0,0,0,0,0,0,0,0,0,0,0,0,0,0,334,0,0,0,0,0,0,0,0,0,0,0,6280,0,0,0,0,3873,0,0,0,23376,0,0,0,0,0,0,0,0,0,0,0,0,0,0,0,0,0,0,0,0,0,0,0,0,0,0,0,0,0,0,0,0,"N701S502","CCAGCAGCYGCGGTAAN","Pinkerton","Natural","L","MS18",1,"L LC Natural","Enzymes"
"LLN-L-1",0,0,0,0,0,0,0,0,0,0,0,0,0,0,0,0,0,0,0,0,0,0,0,0,182,0,0,0,0,0,0,0,0,0,0,0,3801,0,0,0,0,2700,0,0,0,18714,0,0,0,0,0,0,0,0,0,0,0,0,0,0,0,0,0,0,0,0,0,0,0,0,0,0,0,0,0,0,0,0,"N701S502","CCAGCAGCYGCGGTAAN","Pinkerton","Natural","L","MS18",1,"L LC Natural","Lifeguard"
"LLN-L-2",0,0,0,0,0,0,0,0,0,0,0,0,0,0,0,0,0,0,0,0,0,0,0,0,127,0,0,0,0,0,0,0,0,0,0,0,4631,0,0,0,0,3117,0,0,0,10794,0,0,0,0,0,0,0,0,0,0,0,0,0,0,0,0,0,0,0,0,0,0,0,0,0,0,0,0,0,0,0,0,"N701S502","CCAGCAGCYGCGGTAAN","Pinkerton","Natural","L","MS18",1,"L LC Natural","Lifeguard"
"LLN-L-3",0,0,0,0,0,0,0,0,0,0,0,0,0,0,0,0,0,0,0,0,0,0,0,0,75,0,0,0,0,0,0,0,0,0,0,0,2505,0,0,0,0,1617,0,0,0,9667,0,0,0,0,0,0,0,0,0,0,0,0,0,0,0,0,0,0,0,0,0,0,0,0,0,0,0,0,0,0,0,0,"N701S502","CCAGCAGCYGCGGTAAN","Pinkerton","Natural","L","MS18",1,"L LC Natural","Lifeguard"
"LLN-N-1",0,0,0,0,0,0,0,0,0,0,0,0,0,0,0,0,0,0,0,0,0,0,0,0,259,0,0,0,0,0,0,0,0,0,0,0,4999,0,0,0,0,3320,0,0,0,21728,0,0,0,0,0,0,0,0,0,0,0,0,0,0,0,0,0,0,0,0,0,0,0,0,0,0,0,0,0,0,0,0,"N701S502","CCAGCAGCYGCGGTAAN","Pinkerton","Natural","L","MS18",1,"L LC Natural","Base"
"LLN-N-2",0,0,0,0,0,0,0,0,0,0,0,0,0,0,0,0,0,0,0,0,0,0,0,0,311,0,0,0,0,0,0,0,0,0,0,0,4866,0,0,0,0,3549,0,0,0,23576,0,0,0,0,0,0,0,0,0,0,0,0,0,0,0,0,0,0,0,0,0,0,0,0,0,0,0,0,0,0,0,0,"N701S502","CCAGCAGCYGCGGTAAN","Pinkerton","Natural","L","MS18",1,"L LC Natural","Base"
"LLN-N-3",0,0,0,0,0,0,0,0,0,0,0,0,0,0,0,0,0,0,0,0,0,0,0,0,196,0,0,0,0,0,0,0,0,0,0,0,5219,0,0,0,0,3637,0,0,0,19276,0,0,0,0,0,0,0,0,0,0,0,0,0,0,0,0,0,0,0,0,0,0,0,0,0,0,0,0,0,0,0,0,"N701S502","CCAGCAGCYGCGGTAAN","Pinkerton","Natural","L","MS18",1,"L LC Natural","Base"
"LLN-R-1",0,0,0,0,0,0,0,0,0,0,0,0,0,0,0,0,0,0,0,0,0,0,0,0,234,0,0,0,0,0,0,0,0,0,0,0,5697,0,0,0,0,4476,0,0,0,24072,0,0,0,0,0,0,0,0,0,0,0,0,0,0,0,0,0,0,0,0,0,0,0,0,0,0,0,0,0,0,0,0,"N701S502","CCAGCAGCYGCGGTAAN","Pinkerton","Natural","L","MS18",1,"L LC Natural","RNAProtect"
"LLN-R-2",0,0,0,0,0,0,0,0,0,0,0,0,0,0,0,0,0,0,0,0,0,9,0,0,363,0,0,0,0,0,0,0,0,0,0,0,7339,0,0,0,0,5188,0,0,0,33241,0,0,0,0,0,0,0,0,0,0,0,0,0,0,0,0,0,0,0,0,0,0,0,0,0,0,0,0,0,0,0,0,"N701S502","CCAGCAGCYGCGGTAAN","Pinkerton","Natural","L","MS18",1,"L LC Natural","RNAProtect"
"LLN-R-3",0,0,0,0,0,0,0,0,0,0,0,0,0,0,0,0,0,0,0,0,0,0,0,0,174,0,0,0,0,0,0,0,0,0,0,0,4410,0,0,0,0,3340,0,0,0,20555,0,0,0,0,0,0,0,0,0,0,0,0,0,0,0,0,0,0,0,0,0,0,0,0,0,0,0,0,0,0,0,0,"N701S502","CCAGCAGCYGCGGTAAN","Pinkerton","Natural","L","MS18",1,"L LC Natural","RNAProtect"
"LLW-E-1",0,0,0,0,0,0,0,0,0,0,0,0,0,0,0,0,0,0,0,0,0,0,0,0,878,0,0,0,0,0,0,0,0,0,0,0,9892,0,0,0,0,10639,0,0,0,31359,0,0,0,0,0,0,0,0,0,0,0,0,0,0,0,0,0,0,0,0,0,0,0,0,0,0,0,0,0,0,0,0,"N701S502","CCAGCAGCYGCGGTAAN","Pinkerton","Wintergreen","L","MS20",1,"L LC Wintergreen","Enzymes"
"LLW-E-2",0,0,0,0,0,0,0,0,0,0,0,0,0,0,0,0,0,0,0,0,0,0,0,0,449,0,0,0,0,0,0,0,0,0,0,0,10171,0,0,0,0,10476,0,0,0,31309,0,0,0,0,0,0,0,0,0,0,0,0,0,0,0,0,0,0,0,0,0,0,0,0,0,0,0,0,0,0,0,0,"N701S502","CCAGCAGCYGCGGTAAN","Pinkerton","Wintergreen","L","MS20",1,"L LC Wintergreen","Enzymes"
"LLW-E-3",0,0,0,0,0,0,0,0,0,0,0,0,0,0,0,0,0,0,0,0,0,4,0,0,699,0,0,0,0,0,0,0,0,0,0,0,16137,0,0,0,0,17610,0,0,0,47595,0,0,0,0,0,0,0,0,0,0,0,0,0,0,0,0,0,0,0,0,0,0,0,0,0,0,0,0,0,0,0,0,"N701S502","CCAGCAGCYGCGGTAAN","Pinkerton","Wintergreen","L","MS20",1,"L LC Wintergreen","Enzymes"
"LLW-L-1",0,0,0,0,0,0,0,0,0,0,0,0,0,0,0,0,0,0,0,0,0,0,0,0,287,0,0,0,0,0,0,0,0,0,0,0,8100,0,0,0,0,10496,0,0,0,28890,0,0,0,0,0,0,0,0,0,0,0,0,0,0,0,0,0,0,0,0,0,0,0,0,0,0,0,0,0,0,0,0,"N701S502","CCAGCAGCYGCGGTAAN","Pinkerton","Wintergreen","L","MS20",1,"L LC Wintergreen","Lifeguard"
"LLW-L-2",0,0,0,0,0,0,0,0,0,0,0,0,0,0,0,0,0,0,0,0,0,0,0,0,461,0,0,0,0,0,0,0,0,0,0,0,11602,0,0,0,0,14242,0,0,0,35681,0,0,0,0,0,0,0,0,0,0,0,0,0,0,0,0,0,0,0,0,0,0,0,0,0,0,0,0,0,0,0,0,"N701S502","CCAGCAGCYGCGGTAAN","Pinkerton","Wintergreen","L","MS20",1,"L LC Wintergreen","Lifeguard"
"LLW-L-3",0,0,0,0,0,0,0,0,0,0,0,0,0,0,0,0,0,0,0,0,0,0,0,0,177,0,0,0,0,0,0,0,0,0,0,0,4819,0,0,0,0,6059,0,0,0,15971,0,0,0,0,0,0,0,0,0,0,0,0,0,0,0,0,0,0,0,0,0,0,0,0,0,0,0,0,0,0,0,0,"N701S502","CCAGCAGCYGCGGTAAN","Pinkerton","Wintergreen","L","MS20",1,"L LC Wintergreen","Lifeguard"
"LLW-N-1",0,0,0,0,0,0,0,0,0,0,0,0,0,0,0,0,0,0,0,0,0,0,0,0,503,0,0,0,0,0,0,0,0,0,0,0,11515,0,0,0,0,16836,0,0,0,42311,0,0,0,0,0,0,0,0,0,0,0,0,0,0,0,0,0,0,0,0,0,0,0,0,0,0,0,0,0,0,0,0,"N701S502","CCAGCAGCYGCGGTAAN","Pinkerton","Wintergreen","L","MS20",1,"L LC Wintergreen","Base"
"LLW-N-2",0,0,0,0,0,0,0,0,0,0,0,0,0,0,0,0,0,0,0,0,0,0,0,0,464,0,0,0,0,0,0,0,0,0,0,0,10597,0,0,0,0,15692,0,0,0,40015,0,0,0,0,0,0,0,0,0,0,0,0,0,0,0,0,0,0,0,0,0,0,0,0,0,0,0,0,0,0,0,0,"N701S502","CCAGCAGCYGCGGTAAN","Pinkerton","Wintergreen","L","MS20",1,"L LC Wintergreen","Base"
"LLW-N-3",0,0,0,0,0,0,0,0,0,0,0,0,0,0,0,0,0,0,0,0,0,0,0,0,676,0,0,0,0,0,0,0,0,0,0,0,12125,0,0,0,0,17151,0,0,0,46463,0,0,0,0,0,0,0,0,0,0,0,0,0,0,0,0,0,0,0,0,0,0,0,0,0,0,0,0,0,0,0,0,"N701S502","CCAGCAGCYGCGGTAAN","Pinkerton","Wintergreen","L","MS20",1,"L LC Wintergreen","Base"
"LLW-R-1",0,0,0,0,0,0,0,0,0,0,0,0,0,0,0,0,0,0,0,0,0,0,0,0,362,0,0,0,0,0,0,0,0,0,0,0,10996,0,0,0,0,15380,0,0,0,41530,0,0,0,0,0,0,0,0,0,0,0,0,0,0,0,0,0,0,0,0,0,0,0,0,0,0,0,0,0,0,0,0,"N701S502","CCAGCAGCYGCGGTAAN","Pinkerton","Wintergreen","L","MS20",1,"L LC Wintergreen","RNAProtect"
"LLW-R-2",0,0,0,0,0,0,0,0,0,0,0,0,0,0,0,0,0,0,0,0,0,20,0,0,427,0,0,0,0,0,0,0,0,0,0,0,11913,0,0,0,0,18911,0,0,0,50856,0,0,0,0,0,0,0,0,0,0,0,0,0,0,0,0,0,0,0,0,0,0,0,0,0,0,0,0,0,0,0,0,"N701S502","CCAGCAGCYGCGGTAAN","Pinkerton","Wintergreen","L","MS20",1,"L LC Wintergreen","RNAProtect"
"LLW-R-3",0,0,8,0,0,0,0,0,0,0,0,0,0,0,0,0,0,0,0,0,0,0,0,0,531,0,0,0,0,0,0,0,0,0,0,0,11946,0,0,0,0,16875,0,0,0,50635,0,0,0,0,0,0,0,0,0,0,0,0,0,0,0,0,0,0,0,0,0,0,0,0,0,0,0,0,0,0,0,0,"N701S502","CCAGCAGCYGCGGTAAN","Pinkerton","Wintergreen","L","MS20",1,"L LC Wintergreen","RNAProtect"
"MCN-E-1",0,0,0,0,0,0,0,0,0,0,0,0,0,0,0,0,0,0,0,0,0,0,0,0,5635,0,0,0,0,0,0,0,5985,0,0,0,3179,0,0,0,0,0,0,0,2088,0,0,3647,0,0,0,0,0,0,0,0,0,0,0,0,0,0,0,0,0,0,0,1370,0,0,1491,0,701,0,0,0,0,0,"N701S502","CCAGCAGCYGCGGTAAN","Zymo","NoMatrix","M","Mock",1,"M","Enzymes"
"MCN-E-2",0,0,0,0,0,0,0,0,0,0,0,0,0,0,0,0,0,0,0,0,0,0,0,0,15147,0,0,0,0,0,0,0,14718,0,0,0,8946,0,0,0,0,0,0,0,5722,0,0,13206,0,0,0,0,0,0,0,0,0,0,0,0,0,0,0,0,0,0,0,3192,0,0,3479,0,1697,0,0,0,0,0,"N701S502","CCAGCAGCYGCGGTAAN","Zymo","NoMatrix","M","Mock",1,"M","Enzymes"
"MCN-E-3",0,0,0,0,0,0,0,0,0,0,0,0,0,0,0,0,0,0,0,0,0,0,0,0,12655,0,0,0,0,0,0,0,13265,0,0,0,6885,0,0,0,0,0,0,0,4453,0,0,7782,0,0,0,0,0,0,0,0,0,0,0,0,0,0,0,0,0,0,0,3518,0,0,3947,0,1763,0,0,0,0,0,"N701S502","CCAGCAGCYGCGGTAAN","Zymo","NoMatrix","M","Mock",2,"M","Enzymes"
"MCN-E-4",0,0,0,0,0,0,0,0,0,0,0,0,0,0,0,0,0,0,0,0,0,0,0,0,34850,0,0,0,0,0,0,0,34389,0,0,0,20445,0,0,0,0,2,0,0,13338,0,0,30612,0,0,0,0,0,0,0,0,0,0,0,0,0,0,0,0,0,0,0,8559,0,0,9779,0,4453,0,0,0,0,7,"N701S502","CCAGCAGCYGCGGTAAN","Zymo","NoMatrix","M","Mock",2,"M","Enzymes"
"MCN-L-1",0,0,0,0,0,0,0,0,0,0,0,0,0,0,0,0,0,0,0,0,0,0,0,0,17448,0,0,0,0,0,0,0,10382,0,0,0,6705,0,0,0,0,0,0,0,5480,0,0,7800,0,0,0,0,0,0,0,0,0,0,0,0,0,0,0,0,0,0,0,4123,0,0,4551,0,2081,0,0,0,0,0,"N701S502","CCAGCAGCYGCGGTAAN","Zymo","NoMatrix","M","Mock",1,"M","Lifeguard"
"MCN-L-2",0,0,0,0,0,0,0,0,0,0,0,0,0,0,0,0,0,0,0,0,0,0,0,0,6621,0,0,0,0,0,0,0,5089,0,0,0,3337,0,0,0,0,0,0,0,2605,0,0,4879,0,0,0,0,0,0,0,0,0,0,0,0,0,0,0,0,0,0,0,896,0,0,986,0,523,0,0,0,0,0,"N701S502","CCAGCAGCYGCGGTAAN","Zymo","NoMatrix","M","Mock",1,"M","Lifeguard"
"MCN-L-3",0,0,10,0,0,0,0,0,0,0,0,0,0,0,0,0,0,0,0,0,0,0,0,0,41543,0,0,0,0,0,0,0,25686,0,0,0,15827,0,0,0,0,0,0,0,12884,0,0,18835,0,0,0,0,0,0,0,0,0,0,0,0,0,0,0,0,0,0,0,10111,0,0,11424,0,5226,0,0,0,0,28,"N701S502","CCAGCAGCYGCGGTAAN","Zymo","NoMatrix","M","Mock",2,"M","Lifeguard"
"MCN-L-4",0,0,0,0,0,0,0,0,0,0,0,0,0,0,0,0,0,0,0,0,0,0,0,0,15076,0,0,0,0,0,0,0,12858,0,0,0,9202,0,0,0,0,0,0,0,6578,0,0,15289,0,0,0,0,0,0,0,0,0,0,0,0,0,0,0,0,0,0,0,1604,0,0,1857,0,1081,0,0,0,0,0,"N701S502","CCAGCAGCYGCGGTAAN","Zymo","NoMatrix","M","Mock",2,"M","Lifeguard"
"MCN-N-1",0,0,0,0,0,0,0,0,0,0,0,0,0,0,0,0,0,0,0,0,0,0,0,0,20223,0,0,0,0,0,0,0,14985,0,0,0,8477,0,0,0,0,0,0,0,7838,0,0,10031,0,0,0,0,0,0,0,0,0,0,0,0,0,0,0,0,0,0,0,3113,0,0,3348,0,1396,0,0,0,0,0,"N701S502","CCAGCAGCYGCGGTAAN","Zymo","NoMatrix","M","Mock",1,"M","Base"
"MCN-N-2",0,0,0,0,0,0,0,0,0,0,0,0,0,0,0,0,0,0,0,0,0,0,0,0,13536,0,0,0,0,0,0,0,8402,0,0,0,4990,0,0,0,0,0,0,0,4049,0,0,8266,0,0,0,0,0,0,0,0,0,0,0,0,0,0,0,0,0,0,0,2989,0,0,3319,0,1570,0,0,0,0,0,"N701S502","CCAGCAGCYGCGGTAAN","Zymo","NoMatrix","M","Mock",1,"M","Base"
"MCN-N-3",0,0,0,0,0,0,0,0,0,0,0,0,0,0,0,0,0,0,0,0,0,0,0,0,53874,0,0,0,0,0,0,0,40569,0,0,0,23942,0,0,0,0,0,0,0,21930,0,0,28580,0,0,0,0,0,0,0,0,0,0,0,0,0,0,0,0,0,0,0,10311,0,0,11626,0,4977,0,0,0,0,0,"N701S502","CCAGCAGCYGCGGTAAN","Zymo","NoMatrix","M","Mock",2,"M","Base"
"MCN-N-4",0,0,0,0,0,0,0,0,0,0,0,0,0,0,0,0,0,0,0,0,0,0,0,0,39170,0,0,0,0,0,0,0,24533,0,0,0,14607,0,0,0,0,0,0,0,11316,0,0,23254,0,0,0,0,0,0,0,0,0,0,0,0,0,0,0,0,0,0,0,10229,0,0,11680,0,5242,0,0,0,0,0,"N701S502","CCAGCAGCYGCGGTAAN","Zymo","NoMatrix","M","Mock",2,"M","Base"
"MCN-R-1",0,0,0,0,0,0,0,0,0,0,0,0,0,0,0,0,0,0,0,0,0,0,0,0,6115,0,0,0,0,0,0,0,3394,0,0,0,1716,0,0,0,0,0,0,0,1785,0,0,1848,0,0,0,0,0,0,0,0,0,0,0,0,0,0,0,0,0,0,0,1163,0,0,1281,0,590,0,0,0,0,0,"N701S502","CCAGCAGCYGCGGTAAN","Zymo","NoMatrix","M","Mock",1,"M","RNAProtect"
"MCN-R-2",0,0,0,0,0,0,0,0,0,0,0,0,0,0,0,0,0,0,0,0,0,0,0,0,15416,0,0,0,0,0,0,0,8539,0,0,0,4610,0,0,0,0,0,0,0,4532,7,0,7715,0,0,0,0,0,0,0,0,0,0,0,0,0,0,0,0,0,0,0,3012,0,0,3245,0,1608,0,0,0,0,0,"N701S502","CCAGCAGCYGCGGTAAN","Zymo","NoMatrix","M","Mock",1,"M","RNAProtect"
"MCN-R-3",0,0,0,0,0,0,0,0,0,0,0,0,0,0,0,0,0,0,0,0,0,0,0,0,14632,0,0,0,0,0,0,0,8491,0,0,0,4130,0,0,0,0,0,0,0,4253,0,0,4527,0,0,0,0,0,0,0,0,0,0,0,0,0,0,0,0,0,0,0,2872,0,0,3300,0,1512,0,0,0,0,0,"N701S502","CCAGCAGCYGCGGTAAN","Zymo","NoMatrix","M","Mock",2,"M","RNAProtect"
"MCN-R-4",0,0,0,0,0,0,0,0,0,0,0,0,0,0,0,0,0,0,0,0,0,0,0,0,36817,0,0,0,0,0,0,0,20823,0,0,0,10960,0,0,0,0,0,0,0,10929,0,0,20433,0,0,0,0,0,0,0,0,0,0,0,0,0,0,0,0,0,0,0,7575,0,0,8487,0,3967,0,0,0,0,0,"N701S502","CCAGCAGCYGCGGTAAN","Zymo","NoMatrix","M","Mock",2,"M","RNAProtect"
"SLC-E-1",0,0,0,0,0,0,0,0,0,0,0,0,0,0,0,0,0,0,0,0,0,703,0,0,1702,0,0,0,0,0,0,0,0,0,0,0,28,0,0,0,4226,25623,0,0,0,12475,0,0,0,0,0,0,0,0,0,0,40,0,0,0,0,0,0,0,0,0,0,0,0,0,0,9,0,0,6,0,0,0,"N701S502","CCAGCAGCYGCGGTAAN","USSTC","Classic","Sk","MS27",1,"Sk LC Classic","Enzymes"
"SLC-E-2",0,16,0,0,0,0,0,0,0,0,0,0,0,0,0,0,0,0,0,0,0,760,0,0,2535,0,0,0,0,0,0,0,0,0,0,0,22,0,0,0,4378,25515,0,0,0,12867,0,0,0,0,0,0,0,0,0,0,65,0,0,0,0,0,18,0,0,0,0,0,0,14,0,0,0,0,0,0,0,0,"N701S502","CCAGCAGCYGCGGTAAN","USSTC","Classic","Sk","MS27",1,"Sk LC Classic","Enzymes"
"SLC-E-3",0,19,0,0,0,0,0,0,0,0,0,0,0,0,0,0,0,18,0,0,0,960,0,0,2432,0,0,0,0,0,0,0,0,0,0,0,30,0,0,0,4672,27898,0,0,0,13521,10,0,0,0,0,0,0,16,0,0,55,0,0,0,0,0,0,0,0,0,0,0,0,0,0,12,0,0,0,0,0,0,"N701S502","CCAGCAGCYGCGGTAAN","USSTC","Classic","Sk","MS27",1,"Sk LC Classic","Enzymes"
"SLC-L-1",0,0,0,0,0,0,0,0,0,0,0,0,0,0,0,0,0,0,0,0,0,103,0,0,824,0,0,0,0,0,0,0,0,0,0,0,20,0,0,0,4600,27014,0,0,0,14483,0,0,0,0,0,0,0,0,0,0,0,0,0,0,0,0,0,0,0,0,0,0,0,0,0,0,0,0,0,0,0,0,"N701S502","CCAGCAGCYGCGGTAAN","USSTC","Classic","Sk","MS27",1,"Sk LC Classic","Lifeguard"
"SLC-L-2",0,8,0,0,0,0,0,0,0,0,0,0,0,0,0,0,0,0,0,0,0,176,0,0,3645,0,0,0,0,0,0,0,0,0,0,0,16,0,0,0,4387,24640,0,0,0,12341,0,0,0,0,0,0,0,0,0,0,0,0,0,0,0,0,0,0,0,0,0,0,0,0,0,0,0,0,0,0,0,0,"N701S502","CCAGCAGCYGCGGTAAN","USSTC","Classic","Sk","MS27",1,"Sk LC Classic","Lifeguard"
"SLC-L-3",0,8,0,0,0,0,0,0,0,0,0,0,0,0,0,0,0,0,0,0,0,38,0,0,580,0,0,0,0,0,0,0,0,0,0,0,0,0,0,0,2353,13715,0,0,0,7122,0,0,0,0,0,0,0,0,0,0,0,0,0,0,0,0,0,0,0,0,0,0,0,0,0,0,0,0,0,0,0,0,"N701S502","CCAGCAGCYGCGGTAAN","USSTC","Classic","Sk","MS27",1,"Sk LC Classic","Lifeguard"
"SLC-N-1",0,19,0,0,0,0,0,0,0,0,0,0,0,0,0,0,0,0,0,0,0,109,0,0,1195,0,0,0,0,0,0,0,0,0,0,0,27,0,0,0,4590,35493,0,0,0,19694,0,0,0,0,0,0,0,0,0,0,0,0,0,0,0,0,0,0,0,0,0,0,0,0,0,0,0,0,0,0,0,0,"N701S502","CCAGCAGCYGCGGTAAN","USSTC","Classic","Sk","MS27",1,"Sk LC Classic","Base"
"SLC-N-2",0,16,0,0,0,0,0,0,0,0,0,0,0,0,0,0,0,0,0,0,0,149,0,0,1499,0,0,0,0,0,0,0,0,0,0,0,27,0,0,0,6112,38381,0,0,0,18478,0,0,0,0,0,0,0,0,0,0,0,0,0,0,0,0,0,0,0,0,0,0,0,0,0,0,0,0,0,0,0,0,"N701S502","CCAGCAGCYGCGGTAAN","USSTC","Classic","Sk","MS27",1,"Sk LC Classic","Base"
"SLC-N-3",0,26,0,0,0,0,0,0,0,0,0,0,0,0,0,0,0,0,0,0,0,91,0,0,2166,0,0,0,0,0,0,0,0,0,0,0,23,0,0,0,5644,38503,0,0,0,19979,0,0,0,0,0,0,0,0,0,0,0,0,0,0,0,0,0,0,0,0,0,0,0,0,0,0,0,0,0,0,0,0,"N701S502","CCAGCAGCYGCGGTAAN","USSTC","Classic","Sk","MS27",1,"Sk LC Classic","Base"
"SLC-R-1",0,18,0,0,0,0,0,0,0,0,0,0,0,0,0,0,0,0,0,0,0,611,0,0,1417,0,0,0,0,0,0,0,0,0,0,0,21,0,0,0,5480,36062,0,0,0,18858,0,0,0,0,0,0,0,0,0,0,32,0,0,0,0,0,0,0,0,0,0,0,0,0,0,0,0,0,0,0,0,0,"N701S502","CCAGCAGCYGCGGTAAN","USSTC","Classic","Sk","MS27",1,"Sk LC Classic","RNAProtect"
"SLC-R-2",0,57,0,0,0,0,25,1,0,0,0,0,0,0,0,0,0,0,0,0,0,934,0,0,3235,0,0,0,0,0,0,0,0,0,0,0,53,0,0,0,8415,55683,0,0,0,27774,0,0,0,0,0,0,0,0,0,0,43,0,0,0,0,0,4,0,0,0,0,0,0,0,0,0,0,0,0,0,0,0,"N701S502","CCAGCAGCYGCGGTAAN","USSTC","Classic","Sk","MS27",1,"Sk LC Classic","RNAProtect"
"SLC-R-3",0,18,0,0,0,7,0,0,0,0,0,0,0,0,0,0,0,0,0,0,0,735,0,0,1306,0,0,0,0,0,0,0,0,0,0,0,82,0,0,0,4423,34817,0,0,0,21052,0,0,0,0,0,0,0,0,0,0,25,0,0,0,0,0,0,0,0,0,0,0,0,0,0,0,0,0,0,0,0,0,"N701S502","CCAGCAGCYGCGGTAAN","USSTC","Classic","Sk","MS27",1,"Sk LC Classic","RNAProtect"
"SLW-E-1",0,14,0,0,0,0,0,0,0,0,0,0,0,0,0,0,0,0,0,0,0,301,0,0,892,0,0,0,0,0,0,0,0,0,0,0,2,0,0,0,0,10946,0,0,0,38074,0,0,0,0,0,0,0,0,0,0,15,0,0,0,0,0,0,0,0,0,0,0,0,0,0,0,0,0,0,22,0,0,"N701S502","CCAGCAGCYGCGGTAAN","USSTC","Wintergreen","Sk","MS30",1,"Sk LC Wintergreen","Enzymes"
"SLW-E-2",0,20,0,0,0,0,0,0,0,0,0,0,0,0,0,0,0,0,0,0,0,381,0,0,752,0,0,0,0,0,0,0,0,0,0,0,0,0,0,0,0,7300,0,0,0,23079,0,0,0,0,0,0,0,0,0,0,22,0,0,0,0,0,0,0,0,0,0,0,17,0,0,0,0,0,0,29,0,0,"N701S502","CCAGCAGCYGCGGTAAN","USSTC","Wintergreen","Sk","MS30",1,"Sk LC Wintergreen","Enzymes"
"SLW-E-3",0,35,0,0,0,0,0,0,0,0,0,0,0,0,0,0,0,0,0,0,0,461,0,0,1331,0,0,0,0,0,0,0,0,5,0,0,23,11,0,0,0,18824,0,0,0,60975,0,0,0,0,0,0,0,5,0,0,15,0,0,0,0,0,0,0,0,0,0,0,0,0,0,0,0,0,0,28,0,0,"N701S502","CCAGCAGCYGCGGTAAN","USSTC","Wintergreen","Sk","MS30",1,"Sk LC Wintergreen","Enzymes"
"SLW-L-1",0,13,0,0,0,0,0,0,0,0,0,0,0,0,0,0,0,0,0,0,0,74,0,0,430,0,0,0,0,0,0,0,0,0,0,0,0,1,0,0,6,12580,0,0,0,41328,0,0,0,0,0,0,0,0,0,0,0,0,0,0,0,0,0,0,0,0,0,0,0,0,0,0,0,0,0,8,0,0,"N701S502","CCAGCAGCYGCGGTAAN","USSTC","Wintergreen","Sk","MS30",1,"Sk LC Wintergreen","Lifeguard"
"SLW-L-2",0,18,0,0,0,0,0,0,0,0,0,0,0,0,0,0,0,0,0,0,0,140,0,0,596,0,0,0,0,0,0,0,0,0,0,0,0,0,0,0,0,11068,0,0,0,32216,0,0,0,0,0,0,0,0,0,0,0,0,0,0,0,0,0,0,0,0,0,0,0,0,0,0,0,0,0,0,0,0,"N701S502","CCAGCAGCYGCGGTAAN","USSTC","Wintergreen","Sk","MS30",1,"Sk LC Wintergreen","Lifeguard"
"SLW-L-3",0,0,0,0,0,0,0,0,0,0,0,0,0,0,0,0,0,0,0,0,0,47,0,0,78,0,0,0,0,0,0,0,0,0,0,0,0,0,0,0,0,3720,0,0,0,12869,0,0,0,0,0,0,0,0,0,0,0,0,0,0,0,0,0,0,0,0,0,0,0,0,0,0,0,0,0,10,0,0,"N701S502","CCAGCAGCYGCGGTAAN","USSTC","Wintergreen","Sk","MS30",1,"Sk LC Wintergreen","Lifeguard"
"SLW-N-1",0,27,0,0,0,0,0,0,0,0,0,0,0,0,0,0,0,0,0,0,0,57,0,0,589,0,0,0,0,0,0,0,0,0,0,0,15,0,0,0,0,12208,0,0,0,41197,0,0,0,0,0,0,0,0,0,0,0,0,0,0,0,0,0,0,0,0,0,0,0,0,0,0,0,0,0,10,0,0,"N701S502","CCAGCAGCYGCGGTAAN","USSTC","Wintergreen","Sk","MS30",1,"Sk LC Wintergreen","Base"
"SLW-N-2",0,21,0,0,0,0,0,0,0,0,0,0,0,0,0,0,0,0,0,0,0,42,0,0,765,0,0,0,0,0,0,0,0,0,0,0,0,0,0,0,0,15655,0,0,0,53190,0,0,0,0,0,0,0,0,0,0,0,0,0,0,0,0,0,0,0,0,0,0,0,0,0,0,0,0,0,8,0,0,"N701S502","CCAGCAGCYGCGGTAAN","USSTC","Wintergreen","Sk","MS30",1,"Sk LC Wintergreen","Base"
"SLW-N-3",0,15,0,0,0,0,0,0,0,0,0,0,0,0,0,0,0,0,0,0,0,35,0,0,590,0,0,0,0,0,0,0,0,0,0,0,0,0,0,0,0,11276,0,0,0,36661,0,0,0,0,0,0,0,0,0,0,0,0,0,0,0,0,0,0,0,0,0,0,0,0,0,0,0,0,0,11,0,0,"N701S502","CCAGCAGCYGCGGTAAN","USSTC","Wintergreen","Sk","MS30",1,"Sk LC Wintergreen","Base"
"SLW-R-1",0,0,0,0,0,0,0,0,0,0,0,0,0,0,0,0,0,0,0,0,0,78,0,0,639,0,0,0,0,0,0,0,0,0,0,0,0,0,0,0,0,16720,0,0,0,51150,0,0,0,0,0,0,0,0,0,0,0,0,0,0,0,0,0,0,0,0,0,0,0,0,0,0,0,0,0,0,0,0,"N701S502","CCAGCAGCYGCGGTAAN","USSTC","Wintergreen","Sk","MS30",1,"Sk LC Wintergreen","RNAProtect"
"SLW-R-2",0,42,0,0,0,0,0,0,0,0,0,0,0,0,0,0,0,0,0,0,0,108,0,0,1766,0,0,0,0,0,0,0,0,0,0,0,12,0,0,0,0,26772,0,0,0,81014,0,0,0,0,0,0,0,0,0,0,0,0,0,0,0,0,0,0,0,0,0,0,0,0,0,0,0,0,0,13,0,0,"N701S502","CCAGCAGCYGCGGTAAN","USSTC","Wintergreen","Sk","MS30",1,"Sk LC Wintergreen","RNAProtect"
"SLW-R-3",0,31,0,0,0,0,0,0,0,0,0,0,0,0,0,0,0,0,0,0,0,47,0,0,930,0,0,0,0,0,0,0,0,0,0,0,1,0,0,0,6,17854,0,0,0,58400,0,0,0,0,0,0,0,0,0,0,0,0,0,0,0,0,0,0,0,0,0,0,0,0,0,0,0,0,0,0,0,0,"N701S502","CCAGCAGCYGCGGTAAN","USSTC","Wintergreen","Sk","MS30",1,"Sk LC Wintergreen","RNAProtect"
